<?xml version="1.0" encoding="UTF-8"?>
<project-private xmlns="http://www.netbeans.org/ns/project-private/1">
    <editor-bookmarks xmlns="http://www.netbeans.org/ns/editor-bookmarks/2" lastBookmarkId="0"/>
    <open-files xmlns="http://www.netbeans.org/ns/projectui-open-files/2">
        <group>
            <file>file:/C:/Users/Usuario/Documents/NetBeansProjects/JavaMVC/src/locadora/view/TelaCadastroCliente.java</file>
            <file>file:/C:/Users/Usuario/Documents/NetBeansProjects/JavaMVC/src/locadora/view/TelaPrincipal.java</file>
            <file>file:/C:/Users/Usuario/Documents/NetBeansProjects/JavaMVC/src/locadora/view/TelaContaCorrente.java</file>
            <file>file:/C:/Users/Usuario/Documents/NetBeansProjects/JavaMVC/src/locadora/view/TelaConsultaCliente.java</file>
            <file>file:/C:/Users/Usuario/Documents/NetBeansProjects/JavaMVC/src/locadora/view/TelaLoginCliente.java</file>
        </group>
    </open-files>
</project-private>
